ninds_aff_name,mean_funding
"21st century medicine, inc.",184915.0
"a and g pharmaceutical, inc.",69388.5
a.t. still university of health sciences,384317.0
aarhus university hospital,13509.5
"abgenix, inc.",250000.0
"abiomed, inc.",237334.67
abratech corporation,155250.86
"abzyme therapeutics, llc",236646.0
"acadia pharmaceuticals, inc.",583470.5
"access pharmaceuticals, inc.",139955.0
"acorda therapeutics, inc.",207646.53
"acoustic medsystems, inc.",230149.0
"acrymed, inc.",130453.0
"active signal technologies, inc.",317994.7
"actuated medical, inc.",378515.0
"acurastem, inc.",433105.0
"adenosine therapeutics, llc",471081.0
adolor corporation,272739.33
advanced biomedical informatics group,745691.0
advanced bionics corporation,271106.5
"advanced brain monitoring, inc.",256345.0
advanced cell technology,99729.0
"advanced circulatory systems, inc.",339678.0
"advanced cochlear systems, inc.",308229.0
"advanced imaging research, inc.",258004.8
advanced medical electronics corporation,269260.44
"advanced mri technology, llc",522465.77
"advanced neural dynamics, inc.",295177.5
"advanced rna technologies, llc",191766.0
advanced science research center,397952.17
"advanced sensor technologies, inc.",100000.0
"advanced targeting systems, inc.",218092.25
advocacy for patients / chronic illness,25000.0
"aegiscn, llc",227501.0
"aeromics, llc",524856.0
"aestus therapeutics, inc.",590279.0
"afasci, inc.",538461.0
afferent corporation,300420.67
"affinergy ,inc",694373.33
"affymetrix, inc.",100000.0
"agenebio, inc.",651553.0
"agile sciences, inc.",285619.0
"agri-analysis, llc",339440.0
akron general medical center,18624.0
"ala scientific instruments, inc.",214710.67
"alacron, inc.",283914.67
alaska native tribal health consortium,298535.33
albany medical college,185313.2
"albany molecular research, inc.",835608.79
"albany research institute, inc.",267253.75
albert einstein col of med yeshiva univ,271334.21
albert einstein coll of med,187787.54
albert einstein college of medicine,246701.59
"albert einstein college of medicine, inc",345203.28
albert einstein healthcare network,360262.82
albion college,119085.0
"alcamena stem cell therapeutics, llc",237804.0
alexza molecular delivery corporation,617788.75
alfred e. mann foundation/scientific res,274562.8
alfred i. du pont hosp for children,173912.67
"algos therapeutics, inc.",100000.0
"alkermes, inc.",234604.0
allegheny university of health sciences,202347.01
allegheny-singer research institute,187339.0
allen institute,686715.18
"allez physionix, ltd",218356.43
"allosteros therapeutics, inc.",249701.0
"alperin noninvasive diagnostics, inc.",106000.0
"als biopharma, llc",189000.0
altarum institute,581929.5
"altec, inc.",438523.67
altor bioscience corporation,99987.67
"ambergen, inc",383348.0
"ambion, inc.",295423.33
american assn/chronic fatigue syndrome,3785.71
american biotechnology research corp,416020.5
american epilepsy society,10000.0
american life science pharmaceuticals,532178.0
american national red cross,124767.0
american pain society,9166.67
american physiological society,7000.0
american research corp of virginia,50000.0
american society for nanomedicine i,8333.33
american society for neurochemistry,13722.22
american society of gene & cell therapy,10000.0
american speech-language-hearing assn,104049.0
american university,220280.67
"ames technology, inc.",351014.0
amherst college,371823.0
"amplyx pharmaceuticals, inc.",482212.17
"amprion, inc.",606285.0
"amur pharmaceuticals, inc.",88400.33
amyotropic lateral sclerosis association,20000.0
anagin,711037.33
"anaspec, inc.",593726.0
"anatomyworks, llc",374548.67
"ancure, llc",225000.0
andrew's buddies corporation,11000.0
androscience corporation,1.0
"anergen, inc.",100000.0
"anergix, llc",249245.0
"aneuvas technologies, inc.",220109.0
angioma alliance,11175.0
angion biomedica corporation,694227.73
ann arbor district library,27000.0
"annovis, inc.",244683.17
"anteana therapeutics, inc.",223903.0
"anticancer, inc.",224700.0
"apdm, inc.",340527.25
"apeliotus technologies, inc.",189146.0
"aperys, llc",73778.0
"apex biomedical company, llc",521449.4
"apollo light systems, inc.",157442.25
"apologic, inc.",281612.0
"apt therapeutics, inc.",545623.22
"aptinyx, inc.",1170162.0
"aquinnah pharmaceuticals, inc.",535417.67
"aratome, llc",225000.0
arbor vita corporation,771898.5
"arcos biosciences, inc.",136900.0
"aristein bioinformatics, llc",139999.0
arizona institute for bio-medical res,206416.0
arizona state university-tempe campus,209945.61
arkansas children's hosp (little rock),79681.67
"armagen technologies, inc.",416900.71
"aronora, inc.",315665.0
"artann laboratories, inc.",359168.5
"artsco, inc.",97997.0
"aruna biomedical, inc.",402072.0
"asi instruments, inc",110250.0
"asklepios biopharmaceutical, inc.",201563.0
aspirebio corporation,225000.0
associated univ-brookhaven natl lab,437547.67
association for frontotemporal dementias,29474.5
association for research/nerv & ment dis,6500.0
"astraea therapeutics, llc",241423.0
"astro-med, inc.",160186.6
"astroctye pharmaceuticals, inc.",722711.67
"asuragen, inc.",456809.75
"ateris technologies, llc",578728.5
"athersys, inc.",354798.5
"atlantic health system, inc.",98370.47
atto bioscience,184657.5
auburn university at auburn,209839.44
augusta university,259175.31
"auritec pharmaceuticals, inc.",348172.0
australian national university,14741.5
"avancen, llc",99475.0
"avantgen, inc.",220061.0
"avid radiopharmaceuticals, inc.",253748.0
"axion biosystems, llc",393819.5
"axon engineering, inc.",92826.5
"axon medical, inc.",249377.0
"axonova medical, llc",224562.0
"azevan pharmaceuticals, inc.",1127021.8
"backyard brains, inc.",386013.0
"balance therapeutics, inc.",471487.0
ball state university,152987.0
banner health,1601263.0
banner sun health research institute,913335.0
"banyan biomarkers, inc.",301214.2
barnard college,259143.87
barnes-jewish hospital,324090.44
"barron associates, inc.",209687.14
bastyr university,210796.5
battelle pacific northwest laboratories,384373.1
baylor college of medicine,253710.77
baylor research institute,118871.25
baylor university,415500.0
"bcell solutions, inc.",292177.0
beckman research institute/city of hope,447037.19
"bedford va research corporation, inc.",142570.0
bell laboratories,28600.0
"bellbrook labs, llc",411631.6
benaroya research inst at virginia mason,302279.62
"betah associates, inc.",57358.2
beth israel deaconess medical center,297152.67
beth israel medical ctr (new york),266702.83
"bio-brite, inc.",222275.6
"bio-imaging research, inc.",96500.0
bio-logic systems corporation,325212.5
bio-signal group corporation,941849.25
"bio-tek instruments, inc.",170542.33
"bioadvances, llc",112586.0
"bioanalytical systems, inc. (basi)",105969.0
"bioaxone biosciences, inc.",731381.38
bioelectric corporation,159463.14
"biographics, inc.",51000.0
"biolok international, inc.-orthogen corp",251707.0
"bionic technologies, inc.",194133.67
"biophyzica, inc.",102248.0
"bioprobes, inc.",97105.0
"bioscience development, inc.",205959.33
"biosensics, llc",1261163.0
"biostrategies, lc",678973.27
"biostream therapeutics, inc.",208726.0
biotechplex corporation,99955.0
"biotek, inc.",189909.17
"biotex, inc.",160922.0
"biotime, inc.",385923.0
"biotraces, inc.",95670.6
blackrock microsystems,339508.14
"blackthorn therapeutics, inc.",683363.5
"bloodcenter of wisconsin, inc.",301796.0
"bmseed, llc",282948.14
boise state university,260604.0
"bolder biotechnology, inc.",492801.8
boston biomedical research institute,71301.0
boston children's hospital,393806.84
boston college,319083.25
boston medical center,1028383.31
boston university,232428.38
boston university (charles river campus),342341.03
boston university medical campus,341438.11
boston university medical center hosp,282574.0
bowling green state univ bowling green,166200.47
"brain plasticity, inc.",725825.33
brain recovery project,8333.33
"brain research laboratories, inc. (brl)",253934.0
"brainxell, inc.",202277.0
brandeis university,263544.95
brentwood biomedical research institute,284461.13
brigham and women's hospital,330009.34
brigham young university,228060.5
bright cloud international corporation,100000.0
brightoutcome inc.,311926.0
"broad institute, inc.",377701.08
brookhaven science assoc-brookhaven lab,337125.74
brooklyn college,160301.33
brown university,257980.9
bryn mawr college,75917.0
buck institute for age research,276835.78
buck institute for research on aging,379135.33
burnham institute for medical research,290476.01
"butler hospital (providence, ri)",318417.0
butler university,373147.0
"c-motion, inc.",98868.0
"c. light technologies, inc.",158453.33
"calibrant biosystems, inc.",145250.0
"califia bio, inc.",586679.0
california institute of biological res,313594.0
california institute of technology,287406.35
california institute/biomedical research,340444.67
california pacific med ctr res institute,344600.78
california state poly u pomona,97567.0
california state university chico,93926.0
california state university fullerton,382074.0
california state university long beach,103684.67
california state university los angeles,255478.75
california state university northridge,268981.0
california state university sacramento,329114.0
calvin college,189470.0
"cambrex bioscience walkersville, inc.",96285.0
"cambria biosciences, llc",310497.5
cambridge neuroscience,239628.12
candela corporation,49998.0
canisius college,96756.0
"cape cod research, inc.",99938.67
"caprion proteomics usa, llc",378246.4
cardiff university,81078.5
caritas st. elizabeth's medical center,149532.93
"carnegie institution of washington, d.c.",67299.25
carnegie-mellon university,201544.85
carolinas medical center,291772.57
"cartesian research, inc.",236916.0
"cas medical systems, inc.",383851.77
case western reserve universit,
case western reserve university,265183.16
catawba college,80648.67
"ccel bio-therapies, inc.",107000.0
cd neural technologies,110954.0
cedars-sinai medical center,329399.28
"cell therapeutics, inc.",183333.33
"celldex therapeutics, inc.",103263.0
"centaur pharmaceuticals, inc.",129941.17
central institute for the deaf,83988.4
central michigan university,296989.25
central new york research corporation,146845.8
central washington university,92682.33
centre college,135366.67
centre for addiction and mental health,91295.0
"cerebral data systems, inc.",85350.0
"ceregene, inc.",289500.0
"cersci therapeutics, inc.",221823.0
cfd research corporation,171318.0
"chalklabs, llc",157500.0
chapman university,177854.5
charcot-marie-tooth association,15000.0
"charite, universitaetsmedizin berlin",135844.67
charles r. drew university of med & sci,208496.0
charles stark draper laboratory,237152.5
"chatten associates, inc.",276604.75
chiari and syringomyelia foundation,6000.0
chicago assn for research & educ in sci,138572.33
chicago institute for neuro surgery/res,167265.0
"children's healthcare of atlanta, inc.",259390.0
children's healthcare system of atlanta,253992.0
children's hosp of philadelphia,329688.24
children's hosp pittsburgh/upmc hlth sys,170143.67
children's hospital,363391.75
children's hospital & res ctr at oakland,192500.0
children's hospital (columbus),131306.38
children's hospital and health center,212143.6
children's hospital boston,318789.96
children's hospital corporation,402931.71
children's hospital los angeles,195943.38
children's hospital med ctr (c,
children's hospital med ctr (cincinnati),323637.96
children's hospital medical center cinci,273234.1
children's hospital of los angeles,293999.19
children's hospital of orange county,214829.67
children's hospital of philade,
children's hospital of philadelphia,270575.33
children's hospital research center,648956.0
children's memorial hospital (chicago),323038.23
children's national medical center,169975.73
children's research institute,272301.81
children's tumor foundation,9638.29
childrens hospital of philadelphia,329594.1
chinese university of hong kong,75065.33
cincinnati childrens hosp med ctr,455997.63
cinvestav-ipn,153293.0
"circadian technologies, inc.",93457.0
"circumvent pharmaceuticals, inc.",198790.0
city college of new york,287205.66
city of hope/beckman research institute,239716.67
claremont mc kenna college,89564.5
"clarian health partners, inc.",66319.0
clark atlanta university,254454.8
clarkson university,132846.89
clarus medical systems,156475.6
clemson university,278820.75
cleveland clinic foundation,226112.89
cleveland clinic lerner col/med-cwru,340697.02
cleveland clinic lerner com-cwru,396030.79
"cleveland medical devices, inc.",327299.35
cleveland state university,80663.5
cleveland va medical research/ed/fdn,327033.0
"clever systems, inc.",243079.33
clinical research institute of montreal,94812.5
"cocensys, inc.",146330.0
"cognetix, inc.",166767.38
"cognition therapeutics, inc.",47345.33
"cognizance biomarkers, llc",305119.33
"cognosci, inc.",318363.59
colby-sawyer college,101185.0
cold spring harbor laboratory,185858.51
colgate university,76953.33
"colla-tec, inc.",250000.0
"collaborations pharmaceuticals, inc.",172541.33
"collaborative drug discovery, inc.",151278.6
"collaborative research, inc.",327782.11
"collagen matrix, inc.",396568.6
college at geneseo,370245.0
college of charleston,432696.0
college of staten island,195600.0
college of the holy cross,111254.0
college of william and mary,143796.81
colorado neurological institute,149671.67
colorado school of mines,313221.33
colorado state university,253503.96
colorado state university-fort collins,200154.91
colorado state university-pueblo,303826.0
columbia univ new york morningside,283235.25
columbia university health sciences,360378.42
"computational diagnostics, inc.",174937.5
"computer lifeguard, inc.",113500.0
"conservocare, llc",125374.0
consultants in behavioral research,237220.0
coriell institute for medical research,3644555.0
cornell university,286531.85
cornell university ithaca,206966.08
cortechs,99991.0
"cortechs labs, inc.",221577.83
"cortex pharmaceuticals, inc.",287294.0
"corticometrics, llc",512643.71
countervail corporation,511708.75
"covalent associates, inc.",96189.0
"covance laboratories, inc.",
"creare, inc.",122959.33
"creative biomolecules, inc.",100000.0
creighton university,257324.56
"crinetics pharmaceuticals, inc.",326121.0
croptech corporation,215267.0
"curepsp, inc.",10000.0
"customkynetics, inc.",130380.0
cyberkinetics neurotechnology systems,393958.0
cyclotec advanced medical technologies,75000.0
"cygnus, inc.",263124.5
"cyion technologies, llc",335560.0
"cytodel, llc",223940.0
"cytokinetics, inc.",1739709.0
cytonics corporation,192300.0
"cytoprint, inc.",500760.0
"cytotherapeutics, inc.",134353.0
dana-farber cancer inst,415562.15
dana-farber cancer institute,298182.98
"darpharma, inc.",748722.0
dartmouth college,259442.61
dartmouth-hitchcock clinic,41800.0
davidson college,102426.0
"decode genetics, ehf",767719.0
delaware state university,107206.0
delaware water gap science institute,197229.0
"deltanu, llc",104523.0
denver health and hospital authority,161410.5
"dermaxon, llc",228479.0
"deschutes research, inc.",156191.0
"deseret laboratories, inc.",826423.0
"diagnostic consulting network, inc.",760528.5
"digitrace care services, inc.",209544.5
"dignify therapeutics, llc",531998.67
dimension technologies,380275.33
discoverx corporation,156250.0
doheny eye institute,202754.8
donna l romero,73500.0
"doty scientific, inc.",415554.4
drexel university,334954.84
dri biosciences corporation,192852.0
"drvision technologies, llc",693604.33
duke university,300527.49
duquesne university,148253.71
dyax corporation,100000.0
dynadx corporation,99994.0
dystonia medical research foundation,12500.0
east bay institute for research and educ,80020.0
east carolina university,178539.23
east tennessee state university,144574.65
eastern maine medical center,15029.0
eastern virginia medical school,180343.81
eberhard karl university of tuebingen,129937.5
"echelon biosciences, inc.",93749.0
ecm biosciences,137492.0
ecole polytechnique federale de lausanne,197472.0
"edj associates, inc.",2346874.33
"effigene pharmaceuticals, inc.",99960.0
"eic laboratories, inc.",361158.74
eicom usa,348954.0
"eicosis, llc",133136.0
"ekam imaging, inc.",99189.0
ekos corporation,688428.2
eleanor roosevelt inst for cancer res,91231.25
"electrical geodesics, inc.",332811.62
"electronic biosciences, inc.",456794.75
electrosonics medical inc,143609.0
electrosonics medical inc.,488102.33
"elgavish paramagnetics, inc.",131482.0
emanuel hospital and health center,355977.95
emerson college,160385.0
emma pendleton bradley hospital,5000.0
emmanuel college,357300.0
emmes corporation,1055586.77
emory university,268098.76
"empi, inc.",206287.33
"encore path, inc.",121521.0
"endomedix, inc.",401165.4
"endomimetics, llc",553378.0
enlightened technologies associates,99997.0
environmental health research & testing,50000.0
"enzerna biosciences, llc",222710.0
"eolas therapeutics, inc.",94062.4
eon corporation,125874.0
epicenter software,175218.21
"epigen biosciences, inc.",219253.2
"epitel, inc.",595982.8
"epivax, inc.",168437.5
erasmus university of rotterdam,461398.6
ernest gallo clinic and research center,151851.69
essen bioscience,24900.0
eunice kennedy shriver ctr mtl retardatn,192041.06
european molecular biology laboratory,17105.45
evanston hospital,198323.75
evanston northwestern healthcare,287235.67
"exemplar genetics, llc",478775.33
exscien corporation,224989.0
eye and ear institute of pittsburgh,144485.0
faculty of medicine of timone,26635.5
families of spinal muscular atrophy,11131.58
"fawkes biotechnology, llc",197824.0
federal university of bahia,126948.0
federation of amer soc for exper biology,7601.57
feinstein institute for medical research,446315.45
"ferro solutions, inc.",658270.4
"ffa sciences, llc",224002.0
"fhc, inc.",270606.29
field museum of natural history,32537.33
"fieldline, inc.",109583.5
"flint hills scientific, llc",176376.85
florida agricultural and mechanical univ,192821.14
florida atlantic university,247804.53
florida international university,186389.57
florida state university,178740.8
"focal, inc.",100000.0
"focalcool, llc",341050.0
fondazone cent/san raffaele/del monte,233746.82
fordham university,177951.22
"foster-miller, inc.",130488.45
foundation/biomed res/academy/athens,119738.5
fox chase cancer center,265744.57
"fox learning systems, inc.",394567.0
"fractal systems, inc.",99510.0
fred hutchinson can res ctr,377962.0
fred hutchinson cancer res ctr,292290.0
fred hutchinson cancer research center,405018.23
free university of brussels-jette campus,188091.0
"freeflow medical devices, llc",245001.0
friedreich's ataxia research alliance,15072.73
"friends research institute, inc.",55727.0
fundacao faculdade de medicina,55075.62
furman university,127756.0
geisinger clinic,256022.5
geisinger commonwealth school of medicine,203740.0
"geneprime, llc.",311046.0
"geneprotech, inc",139635.0
general electric global research ctr,270116.0
geneva foundation,458758.43
"genpathway, inc.",177369.33
"gentuity, llc",449350.33
genzyme corporation,
george mason university,181287.06
george washington university,244794.03
georgetown university,228939.17
georgia  health sciences university,204143.07
georgia  regents university,201603.6
georgia college and state university,381357.0
georgia institute of technology,210306.42
georgia state university,147558.87
"giner, inc.",269921.0
"gismo therapeutics, inc.",192063.0
glaxosmithkline,107307.0
"gliamed, inc.",230795.43
"gliatech, inc.",273032.5
"good samaritan hosp & med ctr(prtlnd,or)",176779.63
good samaritan hospital,164791.5
gordon research conferences,9488.74
goteborg university,207811.4
graduate hospital (philadelphia),226703.67
graham johnson,134250.0
graves electronics,99910.0
graymatter research,535567.75
great lakes neurotechnologies,493667.83
greenwood genetic center,326750.67
grinnell college,266557.29
"group operations, inc.",1233.0
"guilford pharmaceuticals, inc.",97500.0
guthrie foundation for education and res,175228.14
gvd corporation,247745.67
"h-cubed, inc.",517874.0
h. lee moffitt cancer ctr & res inst,126515.0
hadassah-hebrew university medical ctr,255294.6
"hager biosciences, inc.",224995.0
"halimed pharmaceuticals, inc.",441864.0
hamilton college,206884.1
hampshire college,102890.0
hannover medical school,152211.0
hanover school of veterinary medicine,99900.0
harris frc corporation,619075.5
"harvard bioscience, inc.",229391.5
harvard medical school,293555.16
harvard school of public health,354118.83
harvard university,407531.3
harvard university (medical school),238643.91
harvard university (sch of public hlth),232882.45
haverford college,162856.83
"hawaii biotech, inc.",1980450.33
"health protection research, inc.",348750.0
"health research analysis, inc.",99510.0
healthone alliance,170938.67
healthpartners research foundation,219711.0
hebrew university of jerusalem,215539.96
helen hayes hospital,165915.23
henry ford health system,340490.45
henry m. jackson fdn for the adv mil/med,211040.8
herbert h. lehman college,215867.5
"herbst research, inc.",298453.14
hereditary disease foundation,366455.4
hhmi cold spring harbor laboratory,
"highland instruments, inc.",576079.0
"hillhurst biopharmaceuticals, inc.",349670.0
"hmd therapeutics, inc.",154895.0
hong kong univ of science & technology,166665.5
hood college,232500.0
hope pharmaceuticals,449753.5
hopital marie lannelongue,125000.0
hospital for joint diseases ortho inst,63910.33
hospital for sick chldrn (toronto),136378.8
"houston biotechnology, inc.",50000.0
howard university,403241.03
hugo w. moser res inst kennedy krieger,283257.5
human biomolecular research institute,801616.8
hunter college,304764.98
huntington medical research institutes,332692.54
"hybernia medical, llc",384405.0
ibm thomas j. watson research center,260760.14
"icagen, inc.",99147.0
icahn school of medicine at mount sinai,421681.58
"ichor medical systems, inc.",249345.6
icogenex corporation,123756.67
idaho state university,236205.0
"ihealthscreen, inc.",133123.0
illinois institute of technology,429991.9
illinois state university,91217.0
im systems,255000.38
"image-guided neurologics, inc.",419027.0
"imaging biometrics, llc",105081.0
"imarx therapeutics, inc.",442339.0
"immersivetouch, inc.",426806.67
immudx,100000.0
"immunarray usa, inc.",496078.0
"immune disease institute, inc.",226094.8
"in cytu, inc.",833303.5
"in vitro strategies, llc",49002.0
inarian- neurodiagnostic,254737.0
ind solutions,21500.0
indiana univ-purdue univ at indianapolis,288353.97
indiana university,
indiana university bloomington,184901.23
"infinite biomedical technologies, llc",373110.79
"infinity conference group, inc.",68991.6
"inflamacore, llc",514558.67
"inflame therapeutics, inc.",577613.0
"information management services, inc.",211490.0
infoscitex corporation,482119.33
"infotech soft, inc.",329377.0
inframat corporation,199164.5
inhibikase therapeutics,852907.5
"inner health, inc.",100000.0
innersea technology,449383.5
"innersea technology, inc",530913.25
"innosense, llc",538246.67
inotek pharmaceuticals corporation,399704.59
"insight neuroimaging systems, llc",118199.0
"insight surgical technologies, llc",223861.0
institute for basic res in dev disabil,173532.84
institute for cancer research,201315.5
institute for circadian physiology,109757.33
"institute for cognitive prosthetics, inc",154483.6
institute for genomic research,102275.38
institute for molecular medicine,401777.15
institute for neurodegenerative disordrs,71789.8
"institute of advanced sciences, inc.",55000.0
institute of biology and exper medicine,32233.33
"institute of molecular biology, inc.",75000.0
institute of neurological research,27000.0
instituto de investigaciones biologicas,93276.0
"intan technologies, llc",274869.4
"intan technologies, llc.",78308.0
integra lifesciences corporation,99998.0
integrated biosening technologies,100000.0
integrated nonclinical de,48800.0
"integrated tissue dynamics, llc",147699.5
intelligent fiber optic systems corp,149990.0
intelligent hearing systems,250096.0
"intelligent optical systems, inc.",58025.0
interactive biologics associates,99927.0
"interactive drama, inc.",74940.0
international business machines corp,218749.0
international computer science institute,175176.0
international neuromodulation society,8500.0
international society/ neuroethology,6666.67
"intraimmune therapies, inc.",175000.0
"inventive software solutions, inc",282590.0
invivo corporation,154673.67
"iowa cancer research foundation, inc.",133592.67
iowa state university,245684.94
"iq solutions, inc.",1175608.67
"irisys, inc.",99462.0
"iron horse diagnostics, inc.",280350.0
irvine sensors corporation,237286.0
"isoplexis, inc.",224895.0
"iss, inc.",425595.2
istituto scientifico san raffaele,234900.0
"itn energy systems, inc.",249362.0
j. david gladstone institutes,352913.59
jackson laboratory,301710.6
jackson state university,127375.0
jacksonville state university,5757.0
james madison university,44490.0
"jasin discovery solutions, inc.",282975.0
jfk medical center,239797.43
"john b. pierce laboratory, inc.",375221.18
john p. robarts research institute,3769477.17
johns hopkins university,328802.41
joslin diabetes center,340500.33
"js genetics, inc.",262728.5
"jt pharmaceuticals, inc.",779711.17
"k and k biosciences, inc.",353232.5
"kab laboratories, inc.",75004.0
"kai research, inc",142961.62
kaiser foundation research institute,724793.44
kansas state university,181910.89
karolinska institute,213671.83
keck graduate inst of applied life scis,64569.0
kennesaw state university,378561.0
kent state university,264162.18
kent state university at kent,219790.73
"kessler foundation, inc.",156038.75
keystone center,7600.0
keystone symposia,9010.17
"kinetic muscles, inc.",2745978.0
king's college london,128250.0
"kitware, inc.",335425.75
kk biomed corporation,312775.67
"knopp biosciences, llc",575693.33
koester performance research,84949.25
koronis biomedical technologies corporat,132851.67
"kosan biosciences, inc.",99974.5
kovogen,358851.0
kra corporation,158903.67
"l2 diagnostics, llc",268211.0
la biomed res inst/ harbor ucla med ctr,257692.46
la jolla infectious disease institute,258796.56
la jolla inst for allergy & immunolgy,82781.0
la jolla inst for molecular medicine,262347.67
lake forest college,95016.14
lankenau institute for medical research,96042.0
"lasmed, llc",205303.5
laval university,110644.95
"layton bioscience, inc.",215450.75
"lcg systems, llc",50008.0
lehdar systems corporation,175350.0
lehigh university,274017.85
leiden university,119933.5
leiden university medical center,185437.67
"lena biosciences, inc.",219926.5
lenox laser,132000.0
lewis and clark college,161098.33
"lickenbrock technologies, llc",220548.0
"life systems, inc.",212541.0
lifecell corporation,550408.0
"lifequest medical, inc.",74992.0
"lifesensors, inc.",160946.5
lifespan technology,80994.0
"lifesplice pharma, llc",517349.0
"lin, jiunn",40000.0
lincoln university,140770.09
"lipitek international, inc.",87334.67
"lipogene company, inc.",536538.75
lockheed martin aculight corporation,298646.75
loma linda university,367479.25
long beach memorial medical center,46492.43
long island jewish medical center,78834.25
louisiana state univ a&m col baton rouge,249000.0
louisiana state univ agricultural center,50077.0
louisiana state univ hsc new orleans,185693.61
louisiana state univ hsc shreveport,191830.3
louisiana state univ-univ of new orleans,136528.0
louisiana tech university,133654.0
lovelace biomedical & environmental res,2294391.12
lovelace respiratory research institute,156846.5
loyola university chicago,169880.66
loyola university of chicago,77888.5
"lpath therapeutics, inc.",223988.0
lsu health sciences center,253882.1
lsu pennington biomedical research ctr,244928.11
ludwig institute  for cancer res  ltd,334526.9
ludwig institute for cancer research,360630.86
"luminomics, inc.",217535.0
"luna innovations, inc.",160733.0
lund university,114610.64
lurie children's hospital of chicago,244996.43
lynx design,241498.0
"maas biolab, inc.",532089.75
macalester college,425666.0
magee-women's hospital of upmc,148992.0
magee-women's res inst and foundation,248209.17
"magnesensors, inc.",249092.0
maimonides medical center (brooklyn),120011.25
maine medical center,334724.25
makerere university,264159.33
mallory institute of pathology,105399.83
"mandalmed, inc.",135801.0
"marblehead medical, llc",478694.0
march of dimes birth defects foundation,209358.12
marine biological laboratory,55446.18
"marine biomedical technologies, inc.",127938.0
marker gene technologies,439533.5
marquette university,208302.52
marshall university,94796.6
marshfield clinic research foundation,55733.33
"maryland medical research institute, inc",343555.8
massachusetts eye and ear infirmary,424003.55
massachusetts general hosp,432308.81
massachusetts general hospital,395104.92
massachusetts institute of technology,275421.69
massey university,136836.0
"mast therapeutics, inc.",249558.0
"matrical, inc.",166041.0
max delbrueck centrum for molecular med,29141.0
max planck florida corporation,408208.06
max planck institute for biophys chem,7175.0
max planck institute for medical res,28268.0
"maxwell sensors, inc.",318617.33
mayo clinic,438692.73
mayo clinic  jacksonville,626608.14
mayo clinic arizona,326484.83
"mayo clinic coll of med, jacksonville",445461.48
"mayo clinic coll of med, mayo clinic az",121057.0
"mayo clinic coll of medicine, rochester",333016.07
mayo clinic rochester,387902.96
"mb research laboratories, inc.",562935.0
mc laughlin research institute,741470.92
"mc lean hospital (belmont, ma)",324700.4
mcgill university,142532.24
"mcguire research institute, inc.",64674.67
mclean hospital,408293.13
mcmaster university,338891.89
mcp hahnemann university,178735.82
mdb inc,52484.0
"medical advances, inc.",99997.0
medical college of georgia (mcg),200163.07
medical college of wisconsin,256590.51
medical diagnostic research foundation,247104.5
"medical directions, inc.",255939.0
"medical metrics, inc.",184296.0
medical systems corporation,219011.67
"medical toolworks, inc.",371729.67
medical university of south carolina,329838.16
"medigenix, llc",116835.0
"medosome biotec, llc",217801.0
medstar health research institute,359907.67
medstar research institute,587327.33
meharry medical college,377403.67
mercer university macon,144103.12
"metabiologics, inc.",92185.0
"metabolex, inc.",104166.67
"metactive medical, inc.",220775.0
methodist hospital (houston),645938.0
methodist hospital research institute,277061.67
metrohealth medical center,211661.29
miami university oxford,190754.4
michigan state university,207578.14
michigan technological university,116542.33
"micro probe, inc.",97768.0
"micro-leads, inc.",350526.0
"microbiological associates, inc.",159454.33
microconnex corporation,250392.67
"microfab technologies, inc.",283332.33
"microhelix, inc.",356832.0
microminiature interconnect technologies,49612.0
"microprobes for life science, inc.",433811.33
"microstrain, inc.",236419.25
"microtech designs, inc.",74967.0
"microtransponder, inc.",378353.25
mid-hudson family health institute,179147.3
middlebury college,31944.0
midwest research institute,164212.43
midwestern university,92607.5
"miicro, inc",315711.0
mimosa acoustics,182029.0
"mind probes, inc.",102963.25
"minneapolis medical research fdn, inc.",456916.07
minnesota center for health care ethics,174827.0
minnesota epilepsy group,50382.5
"minnesota epilepsy group, pa",
miriam hospital,247058.67
mirus bio corporation,203569.0
mississippi state university,377391.89
"mitokinin, inc.",225000.0
mitokor,273494.0
"mitovation, inc.",248042.0
"mmtc, inc.",189148.5
"moberg medical, inc.",100000.0
"moberg research, inc.",329636.82
"moco, inc.",194053.5
"modular bionics, inc.",179229.33
moebius syndrome foundation,9000.0
"molecular dynamics, inc.",409130.0
"molecular insight pharmaceuticals, inc.",190643.0
"molecular neuroimaging, llc",433853.64
"molecules for health, inc.",100000.0
monash university,136638.33
"monitec, inc.",100000.0
"montana molecular, llc",255969.12
montana state university (bozeman),162182.54
montana state university - bozeman,237666.52
montana state university -billings,364270.0
montclair state university,177554.67
"montefiore medical center (bronx, ny)",611153.35
montreal general hospital,134298.8
morehouse college,310201.0
morehouse school of medicine,437653.83
moss rehabilitation hospital,206244.42
"motogen, inc.",110134.5
mount desert island biological lab,134490.33
mount sinai medical center (miami beach),78930.0
mount sinai school of medicine,315857.39
mount sinai school of medicine of cuny,250767.32
mount sinai school of medicine of nyu,355634.13
"mr-link, llc",129162.5
mt sinai hosp-samuel lunenfeld res inst,227761.0
"mucolipidosis type iv foundation, inc.",14444.0
murray state university,92206.0
"mvbs, inc.",50000.0
myneurolab.com,172211.0
"mynosys cellular devices, inc.",191178.0
"myolex, inc.",491312.0
"myomics, inc.",363966.67
myriad proteomics,176791.0
nagy consulting,300541.0
nanomaterials and nanofabrication labs,199984.0
"nanomaterials research, llc",113893.33
"nanomatrix, inc.",124521.0
"nanonerve, inc.",372506.0
"nanosyn, inc.",331766.33
"nanotek, llc",246335.0
"naprogenix, inc",231474.0
nasa--ames research center,173516.67
"nascent technologies, ltd",100000.0
nat'l inst of hlth/med res inserm-paris,166401.0
nathan s. kline institute for psych res,244999.24
national institute of neurological disorders and stroke,1400059.02
national jewish health,137536.5
national multiple sclerosis society,32500.0
national polytechnic institute,66200.0
national rehabilitation hospital,162000.0
natural medicines research institute,226665.17
"natural pharmacia international, inc.",274000.67
"navigen, inc.",120643.5
"ndi medical, llc",192088.14
"near infrared monitoring, inc. (nim)",151967.33
"neocytex biopharma, inc.",214584.5
"neogenesis technologies, llc",287154.0
"neokera, llc",983494.0
"nervive, inc.",1051651.5
"nesher technologies, inc.",207604.5
"neural analytics, inc.",840755.0
neural arts,90695.0
neural intervention technologies,200180.0
"neural signals, inc.",217610.25
"neuralexo, llc",479422.67
"neuralstem biopharmaceuticals, ltd",115067.0
"neuralstem, inc.",498534.0
"neuramedica, llc",870245.0
neurex corporation,81376.25
"neurinsight, llc",150000.0
"neuro devices, inc.",693022.0
"neuro scan, inc.",50690.33
neuroanalytics corporation,158568.5
"neurobehavioral systems, inc.",263003.5
"neurobiological technologies, inc.",99544.0
"neurobiotex, inc.",306916.2
"neurocommunication research labs, inc.",50000.0
"neurocomp systems, inc.",224644.67
neurocontrol corporation,247229.14
"neurocrine biosciences, inc.",266846.0
"neurodx development, llc",540340.57
"neuroem therapeutics, inc.",255391.0
"neuroene therapeutics, llc",487381.5
"neurogate therapeutics, inc.",248926.0
neurogenesis,100000.0
"neurogenetic pharmaceuticals, inc.",767210.25
"neurognostics, inc.",100000.0
neurohealth,27000.0
"neuroimaging, inc.",99964.0
neuroindx inc.,168590.67
"neurolux, inc.",220091.0
"neuromics, inc.",97485.0
"neuron therapeutics, inc.",320075.0
neuronexus technologies,544486.38
"neurop, inc.",571558.8
"neuropathy association, inc.",15000.0
"neuroperfusion, inc.",57302.0
neurophysics corporation,530334.0
neuroprotection,313993.0
neuroscience research,100000.0
neuroscience research institute of nc,230095.33
neuroscience toolworks inc,
"neuroscript, llc",277393.83
"neurosigma, inc.",661111.12
neurotargeting systems,337364.0
"neurotargeting, llc",286678.0
neurotechnology development fdn,7000.0
"neurotronics, inc.",267523.85
"neurovasx, inc.",328000.0
"neurowave systems, inc.",515037.6
neutron technology,256183.67
new england biomedical research center,192950.56
"new england research institutes, inc.",279011.0
new jersey institute of technology,285047.69
new mexico state university las cruces,118750.0
"new world medical, inc.",91709.0
new york academy of sciences,9796.88
new york blood center,239460.67
new york college of podiatric medicine,93300.0
new york medical college,239240.53
new york state cncl for mtl hygiene plng,268110.0
new york state psychiatric institute,247964.91
new york university,257363.55
new york university school of medicine,337584.37
new york-presbyterian hospital,184040.2
"nexeon medsystems puerto rico operating company, inc",838241.0
"nexgenix pharmaceuticals, inc.",147601.0
"nichols technologies, inc.",224045.0
nobex corporation,100000.0
"norron systems, inc.",99992.0
north carolina agri & tech st univ,140362.67
north carolina central university,173344.33
north carolina state university raleigh,201898.71
north dakota state university,81008.33
north shore university hospital,394422.52
northeast ohio medical university,349249.5
northeastern ohio universities coll med,155378.86
northeastern state university,42268.0
northeastern university,246112.98
northern california institute res & educ,279165.83
northern california institute/res/edu,253771.75
northern illinois university,549774.67
northern kentucky university,203100.0
northrup grumman inform tech corp,100000.0
northshore univ healthsystem res inst,300511.2
northshore university healthsystem,312945.72
northwestern university,232444.39
northwestern university at chicago,301840.04
"nortis, inc.",537875.33
"nostix, llc",98049.0
"nova medical, inc.",97500.0
nova research company,39150.0
nova southeastern university,285994.89
novartis inst for functional genomics,161000.0
novascreen biosciences corporation,122745.0
"novoneuron, inc.",100000.0
"novoron bioscience, inc.",225236.5
"nps pharmaceuticals, inc.",76500.0
"nuvox pharma, llc",325622.5
nyu winthrop hospital,69720.0
oberlin college,91512.33
occidental college,192048.0
och loeb medical research institute,137500.0
ochsner clinic foundation,42748.0
"oculogica, inc.",276581.0
ogilvy public relations worldwide,1585810.0
ohio state university,271431.79
ohio university athens,233680.12
oklahoma medical research foundation,135904.88
oklahoma state university stillwater,204749.8
omeros corporation,193002.0
"omneuron, inc.",806828.38
"omniox, inc.",866269.0
"on target therapeutics, llc",223900.0
"oncoimmune, inc.",697582.2
"oncoimmune, ltd",281496.8
"onconova therapeutics, inc.",158070.33
"oncovir, inc.",257382.0
optical society of america,10000.0
"optima neuroscience, inc.",518356.2
"orbital research, inc.",291618.67
"orcca technology, inc.",283725.33
"ordway research institute, inc.",388552.2
oregon graduate institute science & tech,270389.33
oregon health & science university,287313.78
oregon health and sci university,266182.61
oregon health and science university,223406.5
oregon regional primate research center,217740.0
oregon research institute,613457.33
oregon state university,197208.55
"organix, inc.",130505.0
orincon corporation,225701.5
"orlando regional healthcare system, inc.",507443.6
orlando regional medical center,90431.25
orphagen pharmaceuticals,103183.71
"orphi therapeutics, inc.",548155.33
orthologic corporation,50000.0
"orthopedic development, inc.",111362.0
oscient pharmaceuticals corporation,374682.0
osu center for health sciences,222383.33
osu center of health sciences,148903.5
ottawa health research institute,153900.0
ottawa hospital research institute,150283.0
"oyagen, inc.",128710.0
"p2d, inc.",294749.0
pacific health research institute,315190.2
pacific health research/ education inst,48019.0
pacific northwest research institute,304359.25
"pain therapeutics, inc.",100000.0
"palladian partners, inc.",16319.75
palmer college of chiropractic,226691.29
"palo alto institute for res & edu, inc.",253562.0
palo alto veterans instit for research,341775.77
"panacea pharmaceuticals, inc.",150122.0
"panorama research, inc.",192919.0
paratek pharmaceuticals,664963.0
parent project muscular dystrophy,145000.0
park nicollet institute,59863.2
parkinson's action network,15000.0
parkinson's institute,392899.2
"pathmaker neurosystems, inc.",997932.0
pearson pharma partners,85001.5
pennsylvania state univ hershey med ctr,212510.63
pennsylvania state university,158996.5
pennsylvania state university-univ park,205445.39
"peptimmune, inc.",99999.0
personal improvement computer systems,77511.0
persyst development corporation,597486.33
"pet/x, llc",179959.5
"pharmac, llc",15000.0
"pharmacognetics, inc.",99994.0
pharmareview corporation,460204.5
"pharmathene, inc.",252750.6
pharmos corporation,150000.67
"phase 2 discovery, inc.",181954.57
philadelphia biomedical research inst,141532.67
philadelphia college of osteopathic med,75550.0
"phoenix nest, inc.",853414.17
"photon imaging, inc.",149999.0
photon migration technologies corp,294928.0
"phylonix pharmaceuticals, inc.",223397.56
physical optics corporation,99996.0
"physical sciences, inc",159617.67
pierre and marie curie university,188152.4
"pinnacle technology, inc",276011.17
"pixelvision, inc.",81250.0
pk biosciences corporation,215203.5
"plantvax, inc.",432943.25
"platinum group coatings, llc",577281.2
"plexon, inc.",72210.67
"plumeria therapeutics, inc.",140000.5
"pointer systems, inc.",223716.0
pomona college,50785.0
"population diagnostics, inc.",199281.0
posit science corporation,887934.0
"possis medical, inc.",248240.0
potomac medical systems,263972.8
"ppd, inc.",762.67
"prairie technologies, inc.",140051.0
precision interconnect corporation,
"precomp, inc.",75875.0
"prediction sciences, llc",452656.5
predictive biology,549821.5
"preferred instruments, inc.",260186.0
"premitec, inc.",446611.22
"primorigen biosciences, inc.",344715.0
"princeton scientific instruments, inc.",50000.0
princeton university,313325.18
prism clinical imaging inc.,225738.0
"progenics pharmaceuticals, inc.",297048.0
"progenra, inc.",295864.0
"proscript, inc.",100000.0
"protein express, inc.",99332.0
"proterga, inc.",73501.0
"prothera biologics, llc",709613.33
"protomed, inc.",138316.0
"provid pharmaceuticals, inc",132678.8
providence portland medical center,172355.75
"psb adme associates, llc",40000.0
"psychogenics, inc.",270727.12
"psychological applications, llc",288804.0
"psychology software tools, inc.",327845.5
puget sound blood center,253550.0
"pulse therapeutics, inc.",520065.75
purdue university,270936.44
purdue university west lafayette,206528.09
"q therapeutics, inc.",123827.0
"q-state biosciences, inc.",300123.33
"quality controlled biochemicals, inc.",173661.0
"qualitymetric, inc.",310957.75
"quantum magnetics, inc.",
"quasar, inc.",163705.0
queen's medical center,211889.08
queen's university at kingston,109021.0
queens college,139587.5
queensland institute of medical research,27000.0
questcor pharmaceuticals,214283.43
quinnipiac university,93650.67
"r.c. electronics, inc.",329899.89
"radiation monitoring devices, inc.",335803.18
"radikal therapeutics, inc.",263881.33
"radiotracer, inc.",100000.0
rbhs-new jersey medical school,492129.84
rbhs-robert wood johnson medical school,253645.2
rbhs-school of public health,798917.0
rbhs-school/ health related professions,153072.33
"receptor biology, inc.",97423.0
"recombinetics, inc.",347891.0
"recovr, inc.",471940.5
red hill studios,284300.5
reed college,444488.0
"regeneration matrix, llc",199324.0
regenerative research foundation,312531.65
regents of the university of c,
rehabilitation institute of chicago,219990.09
rehabilitation institute research corp,154501.83
"rehabtek, llc",99966.0
"relive for kids, llc",100020.0
"renetx bio, inc.",3000000.0
"reneurogen, llc",285790.0
"renovo neural, inc.",302484.0
rensselaer polytechnic institute,194530.54
"replicon technologies, inc.",99660.0
research inst nationwide children's hosp,474442.19
research inst of fox chase can ctr,274790.36
research triangle institute,259988.9
"reset therapeutics, inc.",126518.2
"resilio therapeutics, llc",240750.0
"resqsystems, inc.",224185.0
"rest technologies, inc.",99836.0
"restless legs syndrome foundation, inc.",6960.0
"retrotherapy, llc",226921.0
"reveragen biopharma, inc.",1497259.33
"rfe pharma, inc.",202970.67
rhode island hospital,242056.95
"rhode island hospital (providence, ri)",273102.53
"ribometrix, llc",324890.0
rice university,240412.59
richard stockton college of new jersey,380133.0
rider university,192945.5
"rio pharmaceuticals, inc.",225000.0
"ripple, llc",812390.67
"robomedica, inc.",116842.0
roche institute of molecular biology,51371.33
rockefeller university,411921.34
"rokhan, llc",354928.5
rosalind franklin univ of medicine & sci,195145.78
"roskamp institute, inc.",182857.14
roswell park cancer institute corp,277007.0
rowan university,419088.0
rowan university school/osteopathic med,252000.0
"rules-based medicine, inc.",99605.0
"rural technologies, inc.",83878.0
rush university medical center,399423.31
rutgers the st univ of nj new brunswick,220665.13
rutgers the state univ of nj camden,115628.0
rutgers the state univ of nj newark,265597.87
"rutgers, the state univ of n.j.",330300.06
"rxgen, inc.",405304.4
"rytek medical, inc.",127304.5
"sage therapeutics, inc.",112624.0
"saimol international, inc.",
saint louis university,196711.54
salk institute for biological studies,365597.1
salpetriere hospital,237500.0
salus therapeutics,252755.0
salus university,80929.14
"sam technology, inc.",259496.27
"samaritan pharmaceuticals, inc.",189226.0
san diego biomedical research institute,87075.0
san diego state university,234994.32
san raffaele hospital,274144.5
"saneron ccel therapeutics, inc.",155934.92
sanford burnham prebys medical discovery institute,433486.27
sanford research/usd,189105.25
sanford-burnham medical research instit,394615.49
sanger institute,176410.0
santa clara university,410984.0
schepens eye research institute,1012509.75
"sciarra laboratories, inc.",255062.0
"science and engineering services, inc.",132683.86
science applications international corp,310037.67
"scienceplusplease, llc",247608.67
"scimeasure analytical systems, inc.",111779.0
scintillon institute for photobiology,419014.86
scott and white memorial hospital,169953.75
scottish rite children's medical center,239402.0
scripps florida,477151.54
scripps research institute,327234.55
"sea run holdings, inc.",238673.75
"seacoast science, inc.",1470493.5
sean r. maloney and company,159949.67
seattle biomedical research institute,68067.5
seattle children's hospital,387694.91
seattle inst for biomedical/clinical res,217742.88
"second sight medical products, inc.",687972.33
"selective genetics, inc.",100000.0
"selva medical, inc.",433066.0
"seneb biosciences, inc.",254420.33
"sensor technologies, inc.",161090.0
sepulveda research corporation,263601.41
"sequent medical, inc.",1051119.0
seracare bioservices,550775.25
seton hall university,305426.0
"seurat therapeutics, inc.",509720.0
sextant medical corporation,74287.5
"sfc fluidics, llc",662402.67
sidney kimmel cancer center,281816.0
"sierra interventions, llc",100000.0
"sigenics, inc.",99840.0
sigma-aldrich research biochemical,100000.0
"signal solutions, llc",312933.0
silicog,350059.0
"simatra modeling technologies, llc",427111.0
simmons college,195300.0
simon fraser university,127967.6
simplx pharmaceuticals,108306.0
sinai hospital of baltimore,85662.0
sir mortimer b. davis jewish gen hosp,86540.25
"siteone therapeutics, inc.",623972.0
skidmore college,419457.0
"skybridge pharmaceuticals, inc.",105000.0
sleep research society,10000.0
"sleep-wake systems, inc. (sws)",100000.0
sloan-kettering inst can res,309068.25
sloan-kettering inst can research,368086.22
sloan-kettering institute for cancer res,243843.14
smith college,123485.73
"snowdon pharmaceuticals, inc.",132948.0
society for academic emergency medicine,12000.0
society for neuroscience,98304.85
society of general physiologists,9000.0
"society to increase mobility, inc.",20000.0
sociometrics corporation,78648.0
"socratech, llc",100000.0
"solano pharmaceuticals, inc.",225959.0
"somagenics, inc.",276966.0
"sonoscrew, inc.",112000.0
"soterix medical,inc.",651801.6
source precision medicine,100000.0
"source signal imaging, inc.",221284.62
"southeast techinventures, inc.",236152.0
"southern biosystems, inc.",99579.0
southern illinois univ at edwardsville,208647.0
southern illinois university carbondale,184921.17
southern illinois university sch of med,120937.36
southern methodist university,272696.42
southern research institute,271046.4
southern univ a&m col baton rouge,331560.0
southwest foundation for biomedical res,289510.0
"soymeds, inc.",367161.0
sparta pharmaceutical corporation,390481.0
spaulding rehabilitation hospital,205729.67
"specialty laboratories, inc.",130406.33
"spectra biomedical, inc.",87145.0
spectros corporation,223276.75
speech technology/applied research corp.,201612.0
spencer technologies,255468.0
"speragen, inc.",223689.67
spina bifida association,10000.0
spire corporation,186454.0
"spr therapeutics, llc",952692.0
sri international,466010.05
"srico, inc.",100000.0
st. charles pharmaceuticals,214768.93
st. john's mercy medical center,115242.67
st. john's university,133049.25
st. joseph's hosp/med ctr (phoenix),247696.96
st. joseph's hospital and medical center,247591.73
st. jude children's research hospital,301150.37
st. luke's-roosevelt inst for hlth scis,540482.58
st. mary's university,53171.0
st. olaf college,280038.5
"stallion therapeutics, inc.",128100.0
stanford university,299383.41
"starwise therapeutics, llc",317697.0
state college of optometry,190604.75
state university new york binghamton,178008.67
state university new york stony brook,232344.29
state university of new york at albany,162661.1
state university of new york at buffalo,263718.58
"state university of ny,binghamton",222856.25
"stategics, inc.",187651.0
stellenbosch university tygerberg campus,60846.0
"stem pharm, inc.",224976.0
"stemcelllife, llc",224879.0
"stemcells, inc.",245900.0
"stemetix, inc.",789682.5
sterling research corporation,276281.67
stevens institute of technology,112753.33
stowers institute for medical research,233750.0
"sts biopolymers, inc.",150396.0
"sujana biotech, llc",219029.0
summa health system,260841.0
sun health research institute,284157.17
suny downstate medical center,196506.17
"surgical navigation technologies, inc.",74750.0
"surromed, inc.",7316.0
"swedish medical center, first hill",282116.29
"synapse biomedical, inc.",133690.0
synaptic pharmaceutical corporation,171518.62
synchrony applied health sciences,397441.67
"synkera technologies, inc.",86817.5
"syntex (usa), inc.-research division",45978.0
"synthonics, inc.",468306.8
"synthons, inc.",99991.0
"synzyme technology, inc.",343227.67
syracuse university,239273.32
"systems science, inc.",298788.0
"systems technology, inc.",104365.0
t. j. watson research center,21478.0
"tanner research, inc.",280539.33
"tapestry pharmaceuticals, inc.",100000.0
"targazyme, inc.",335440.0
targeted molecules corporation,139050.0
"tcg, inc.",552696.0
"tda research, inc.",257876.0
"techen, inc.",290750.0
"tega therapeutics, inc.",231069.0
tel aviv university,160940.4
telefactor corporation,198298.92
"teleprime, inc.",421288.5
"telik, inc.",100000.0
temple univ of the commonwealth,350749.18
temple university,354909.86
tennessee state university,157775.0
tera biotechnology corporation,123300.75
"terpenoid therapeutics, inc.",260972.33
"tetra discovery partners, inc.",184831.08
texas a&m agrilife research,279973.0
texas a&m university,297927.53
texas a&m university health science ctr,207932.89
texas a&m university system,344552.14
texas a&m university-kingsville,134792.33
texas agrilife research,308252.67
texas biomedical research institute,279524.5
texas engineering experiment station,324406.44
texas heart institute,81500.0
texas tech university,39103.33
texas tech university health scis center,207913.7
texas woman's university,372857.0
the mind research network,439811.69
"theradigm, inc.",165300.0
"therasource, llc",114965.5
theratarget,200000.0
"therataxis, llc",150607.5
"theratome bio, inc.",203304.0
thomas jefferson university,273408.08
thuris corporation,235528.0
"thync, inc",361662.0
tini alloy company,57412.0
"tiranoff productions, llc",930678.5
"tissuegen, inc.",149995.0
"tissuevision, inc.",531481.25
"titan pharmaceuticals, inc.",394902.75
"topicseek, llc",30000.0
toronto general hospital,118684.67
toronto western hospital,131594.33
torrey pines inst for molecular studies,236794.0
totts gap medical research laboratories,186558.5
"tourette association of america, inc.",753468.0
"tourette syndrome association, inc",795369.94
touro university of california,130025.0
translational genomics research inst,465394.61
"translational sciences, inc.",999993.0
"transmolecular, inc.",288214.33
"transonic systems, inc.",374981.5
"trevena, inc.",36758.6
"trevigen, inc.",100000.0
trinity college,214485.45
trinity university,288631.0
"tristan technologies, inc.",356538.92
"trudeau institute, inc.",324574.0
truman state university,86138.0
tuberous sclerosis alliance,9201.52
"tucker-davis technologies, inc.",216713.75
tufts medical center,275207.44
tufts university boston,312556.99
tufts university medford,326854.59
tulane university of louisiana,239498.28
tuskegee university,71811.0
twin star medical,362505.83
"twin star tds, llc",373376.5
u of l imperial col of sci/technlgy/med,736505.75
u.s. army medical research inst chem def,1625103.5
u.s. nat'l inst/dental/craniofacial res,25633.33
u.s. national inst of environ hlth scis,39848.0
u.s. naval academy,48825.0
u.s. phs public advisory groups,393583.17
"ugm medical systems, inc.",93872.0
union college,133049.0
united leukodystrophy foundation,8857.14
univ of arkansas for med scis,266987.16
"univ of maryland, college park",193748.08
univ of massachusetts med sch worcester,287272.49
univ of med/ dent of nj-sch/hlth rel pro,19179.67
univ of med/dent nj-r w johnson med sch,211932.19
univ of med/dent nj-sch osteopathic med,255688.25
univ of med/dent of nj-nj medical school,532860.78
univ of north carolina chapel hill,283274.57
"univ of tx hsc, sa",597676.5
univ/texas brownsville & southmost coll,224330.82
universidad central del caribe,521028.8
universidad nacional autonoma de mexico,23693.0
universidad peruana cayetano heredia,280042.78
university city science center,194212.5
university college london,242822.0
university health network,416916.58
university hospital antwerp,209879.4
university of akron,301008.33
university of alabama at birmingham,306754.77
university of alabama in huntsville,220250.0
university of alabama in tuscaloosa,192832.56
university of alaska anchorage,190242.71
university of alaska fairbanks,387827.85
university of alberta,199083.03
university of arizona,229660.31
university of arkansas at fayetteville,245182.8
university of arkansas med scis ltl rock,269368.97
university of bordeaux ii,45268.0
university of bristol,94408.2
university of british columbia,251510.44
university of calgary,138727.57
university of calif-lawrenc berkeley lab,368420.93
university of calif-los alamos nat lab,398415.62
university of california,321446.65
university of california at davis,409370.4
university of california berkeley,253487.52
university of california davis,245781.44
university of california irvine,224286.47
university of california los a,92772.0
university of california los angeles,307531.53
university of california riverside,232888.81
university of california san diego,262775.09
university of california san francisco,270223.57
university of california santa barbara,320024.14
university of california santa cruz,248073.08
"university of california, merced",228000.0
"university of california, san diego",326559.48
"university of california, san francisco",425360.65
university of california-irvine,350531.25
university of cambridge,60955.0
university of central arkansas,194014.0
university of central florida,290321.44
university of chicago,278455.31
university of cincinnati,455655.5
university of colorado,228688.78
university of colorado at boulder,178778.49
university of colorado at colorado spgs,432000.0
university of colorado denver,270078.28
university of connecticut sch of med/dnt,220263.7
university of connecticut storrs,220823.38
university of copenhagen,175000.0
university of dayton,70504.0
university of delaware,258526.0
university of denver,151819.71
university of denver (colorado seminary),287817.25
university of florida,260322.75
university of freiburg,3208.0
university of geneva,317947.0
university of georgia,273904.74
university of georgia (uga),157617.43
university of hawaii at manoa,357804.59
university of heidelberg,250473.0
university of helsinki,79109.2
university of houston,206214.4
university of ibadan  college of medicine,250270.8
university of idaho,144421.94
university of illinois,294213.62
university of illinois at chicago,258737.69
university of illinois at urbana-champaign,285970.13
university of illinois urbana-champaign,168852.75
university of iowa,356440.18
university of kansas,198495.53
university of kansas lawrence,225849.06
university of kansas medical center,235235.07
university of kentucky,252452.53
university of kuopio,124875.0
university of leicester,229765.0
university of lethbridge,196853.2
university of liverpool,52160.0
university of louisiana at lafayette,529991.29
university of louisiana at monroe,163672.33
university of louisville,317446.88
university of manchester,265770.0
university of manitoba,187500.0
university of maryland balt co campus,301602.09
university of maryland baltimore,257739.62
university of maryland college pk campus,156886.66
university of maryland eastern shore,132267.83
university of massachusetts,
university of massachusetts amherst,174319.95
university of massachusetts boston,134542.0
university of massachusetts dartmouth,103421.2
university of massachusetts lowell,272403.8
university of md biotechnology institute,196229.33
university of melbourne,174714.4
university of memphis,188724.5
university of miami coral gables,329326.6
university of miami rosenteil school,162663.38
university of miami school of medicine,344048.83
university of michigan,345997.12
university of michigan at ann arbor,292175.2
university of minnesota,343029.85
university of minnesota duluth,215974.18
university of minnesota twin cities,242183.98
university of mississippi,136559.8
university of mississippi med ctr,191457.6
university of mississippi medical center,154061.63
university of missouri kansas city,216633.29
university of missouri-columbia,216077.22
university of missouri-st. louis,337430.75
university of montana,265025.41
university of montreal,80020.9
university of nebraska kearney,399082.0
university of nebraska lincoln,266518.86
university of nebraska medical center,259320.35
university of nebraska omaha,117425.0
university of nevada las vegas,274305.5
university of nevada reno,179762.2
university of new england,225870.38
university of new hampshire,135141.53
university of new mexico,199318.79
university of new mexico health scis ctr,304528.84
university of newcastle,60093.5
university of north carolina chapel hill,225553.75
university of north carolina charlotte,243012.38
university of north carolina greensboro,163946.5
university of north carolina wilmington,216000.0
university of north dakota,140215.21
university of north texas,127375.0
university of north texas hlth sci ctr,280195.44
university of notre dame,199476.0
university of nottingham,150000.0
university of oklahoma hlth sciences ctr,202934.92
university of oklahoma norman,159915.58
university of oregon,205196.4
university of oxford,119048.11
university of paris vi,15729.0
university of pennsylvania,292408.8
university of pisa,40920.0
university of pittsburgh,
university of pittsburgh at pittsburgh,284935.67
university of prince edward island,177278.0
university of puerto rico med sciences,478567.18
university of puerto rico rio piedras,182572.46
university of queensland,29160.0
university of rhode island,226575.07
university of richmond,182159.0
university of rochester,348380.63
university of sheffield,147364.33
university of south alabama,179147.66
university of south carolina at columbia,252116.99
university of south dakota,204418.92
university of south florida,352119.76
university of southern california,333873.58
university of sydney,276034.89
university of tennessee health sci ctr,220279.34
university of tennessee knoxville,245368.16
university of texas arlington,240237.0
university of texas austin,180245.47
university of texas dallas,258032.04
university of texas el paso,57105.18
university of texas hlth sci c,
university of texas hlth sci ctr houston,335145.71
university of texas hlth sci ctr san ant,526264.32
university of texas hlth science center,328744.35
university of texas md anderson can ctr,208312.76
university of texas med br galveston,296948.94
university of texas medical br galveston,289625.62
university of texas of the permian basin,76617.0
university of texas rio grande valley,432729.0
university of texas san antonio,334513.32
university of texas sw med ctr,296112.96
university of texas sw med ctr/dallas,225351.51
university of texas tyler,117263.0
"university of texas, austin",350421.91
university of the district of columbia,211749.67
university of the pacific-stockton,136638.33
university of the sciences philadelphia,222150.0
university of toledo,144629.35
university of toledo health sci campus,190849.48
university of toronto,143989.35
university of tulsa,216972.33
university of tx md anderson can ctr,319091.24
university of udine,41020.33
university of utah,290969.71
university of valparaiso,107824.5
university of vermont & st agric college,233684.54
university of virginia,358574.25
university of virginia charlottesville,209439.8
"university of wales, bangor",25068.0
university of washington,254197.75
university of west florida,248056.33
university of western australia,182863.43
university of western ontario,179403.8
university of wisconsin madison,199490.97
university of wisconsin milwaukee,154413.53
university of wisconsin-madison,286417.97
university of wyoming,219620.6
university of zurich,211632.0
upstate medical university,221976.9
"ursus medical, llc",341520.0
ut md anderson cancer ctr,368647.0
ut southwestern medical center,322120.41
utah state university,206276.5
"valentis, inc.",166964.17
"valerion therapeutics, llc",168341.0
van andel research institute,341304.61
vanderbilt university,242478.12
vanderbilt university med ctr,222607.15
vanderbilt university medical center,329165.14
vassar college,188762.0
verifax corporation,502307.83
"versiti wisconsin, inc.",249326.67
veterans biomedical research institute,309684.67
veterans medical research fdn/san diego,186418.21
"vetgen, llc",100000.0
"vidrio technologies, llc",362152.78
"vigilant medical, inc.",238872.0
virginia commonwealth university,294606.08
virginia polytechnic inst and st univ,335236.52
"virogenomics biodevelopment, inc.",299186.0
"virogenomics, inc.",271690.33
"virtici, llc",434135.0
"vision application, inc.",99993.0
"visiongate, inc.",190632.0
visionquest biomedical,152667.0
"visionquest biomedical, llc",158125.0
"vistagen therapeutics, inc.",538063.0
vivid technologies,180888.0
"vivonics, inc.",962471.0
"vortant technologies, llc",97865.0
"vulintus, llc",328286.5
wadsworth center,241934.02
wake forest university,595519.48
wake forest university health sciences,334043.75
washington state university,238185.08
washington university,312353.1
"wave 80 biosciences, inc.",367553.0
wayne state university,254096.09
websciences international,351565.16
weill medical coll of cornell univ,358689.5
weill medical college of cornell univ,216654.82
"weinberg medical physics, llc",683079.17
weis center for research-geisinger clinc,225934.39
weizmann institute of science,159579.75
wesleyan university,201402.0
west virginia university,229013.79
westat,
"westat, inc.",1150000.0
western michigan university,145500.0
"western systems research, inc.",92850.0
western university of health sciences,227992.3
western washington university,391869.0
white global pharma consu,46450.5
"white global pharma consultants, llc",40000.0
whitehead institute for biomedical res,236774.44
whittier institute for diabetes & endoc,38640.0
whm consulting,53500.0
wichita state university,188360.0
wilkes university,349856.0
william beaumont hospital research inst,116450.4
williams college,220076.0
winifred masterson burke med res inst,352904.05
"winsantor, inc.",466421.0
"winston pharmaceuticals, inc.",177011.5
wistar institute,313815.97
women and infants hospital-rhode island,202715.0
woods hole oceanographic institution,430550.0
worcester foundation for biomedical res,247985.75
worcester polytechnic institute,217670.4
"world parkinson coalition, inc.",28833.33
wr medical electronics company,99998.0
wright state university,305213.23
"xalud therapeutics, inc.",539582.0
"xeris pharmaceuticals, inc.",701742.33
"xona microfluidics, llc",225000.0
"xoran technologies, inc.",138328.0
"xoran technologies, llc",180840.0
yale university,371213.86
yeshiva university,277923.9
"zacharon pharmaceuticals, inc.",368522.83
"zygogen, llc",161135.0
zymo research corporation,225000.0
